{
    "id": 140225781634432,
    "scene_widht": 64000,
    "scene_height": 64000,
    "view_x": 162.79328366507286,
    "view_y": 16.012454130990772,
    "view_scale": 19.0,
    "nodes": [
        {
            "id": 140225457353200,
            "title": "Array Number",
            "pos_x": -259.99782608695665,
            "pos_y": -217.22487922705312,
            "inputs": [
                {
                    "id": 140225457353392,
                    "index": 0,
                    "position": 3,
                    "socket_type": 1,
                    "inout": 1,
                    "x": -1.0,
                    "y": 118.0,
                    "label": null
                },
                {
                    "id": 140225457353824,
                    "index": 1,
                    "position": 3,
                    "socket_type": 1,
                    "inout": 1,
                    "x": -1.0,
                    "y": 88.0,
                    "label": null
                },
                {
                    "id": 140225457353920,
                    "index": 2,
                    "position": 3,
                    "socket_type": 1,
                    "inout": 1,
                    "x": -1.0,
                    "y": 58.0,
                    "label": null
                }
            ],
            "outputs": [
                {
                    "id": 140225457354016,
                    "index": 0,
                    "position": 4,
                    "socket_type": 2,
                    "inout": 2,
                    "x": 146.0,
                    "y": 40.0,
                    "label": null
                }
            ],
            "content": {
                "id": 140555206743664,
                "content": "",
                "name": "x",
                "start": "0",
                "number": "25",
                "stop": "8.00"
            },
            "op_code": 111,
            "op_title": "Vector (by size)"
        },
        {
            "id": 140225457269632,
            "title": "Data Combine",
            "pos_x": 170.89347826086959,
            "pos_y": -209.054347826087,
            "inputs": [
                {
                    "id": 140225457269536,
                    "index": 0,
                    "position": 1,
                    "socket_type": 1,
                    "inout": 1,
                    "x": -1.0,
                    "y": 40.0,
                    "label": "x"
                },
                {
                    "id": 139976955855872,
                    "index": 1,
                    "position": 1,
                    "socket_type": 1,
                    "inout": 1,
                    "x": -1.0,
                    "y": 64.0,
                    "label": "y"
                },
                {
                    "id": 140554378886688,
                    "index": 2,
                    "position": 1,
                    "socket_type": 1,
                    "inout": 1,
                    "x": -1.0,
                    "y": 88.0,
                    "label": null
                }
            ],
            "outputs": [
                {
                    "id": 140225457269824,
                    "index": 0,
                    "position": 4,
                    "socket_type": 1,
                    "inout": 2,
                    "x": 161.0,
                    "y": 40.0,
                    "label": null
                }
            ],
            "content": {
                "id": 140555195657952,
                "content": "",
                "width": 160.0,
                "height": 108.0,
                "content-widht": 150,
                "content-height": 74
            },
            "op_code": 401,
            "op_title": "Combine"
        },
        {
            "id": 140225457270016,
            "title": "Output plot",
            "pos_x": 545.3673069392136,
            "pos_y": -386.9810408095186,
            "inputs": [
                {
                    "id": 140225457269680,
                    "index": 0,
                    "position": 2,
                    "socket_type": 1,
                    "inout": 1,
                    "x": -1.0,
                    "y": 158.0,
                    "label": null
                }
            ],
            "outputs": [],
            "content": {
                "id": 140554751026368,
                "content": "",
                "width": 585.3620448754831,
                "height": 459.7764444809731,
                "content-widht": 574,
                "content-height": 424
            },
            "op_code": 203,
            "op_title": "Plot"
        },
        {
            "id": 139732197929552,
            "title": "Expression",
            "pos_x": -100.71895424836603,
            "pos_y": -92.41830065359481,
            "inputs": [
                {
                    "id": 139732197929600,
                    "index": 0,
                    "position": 1,
                    "socket_type": 1,
                    "inout": 1,
                    "x": -1.0,
                    "y": 40.0,
                    "label": "x"
                },
                {
                    "id": 140085138270960,
                    "index": 1,
                    "position": 1,
                    "socket_type": 1,
                    "inout": 1,
                    "x": -1.0,
                    "y": 64.0,
                    "label": null
                }
            ],
            "outputs": [
                {
                    "id": 139732197929696,
                    "index": 0,
                    "position": 4,
                    "socket_type": 2,
                    "inout": 2,
                    "x": 261.0,
                    "y": 40.0,
                    "label": null
                }
            ],
            "content": {
                "id": 140554618055696,
                "content": "",
                "width": 260.0,
                "height": 100.0,
                "content-widht": 250,
                "content-height": 66,
                "value": "x + exp(x) - x**4",
                "label": "y"
            },
            "op_code": 301,
            "op_title": "Expression"
        },
        {
            "id": 140442660701664,
            "title": "Input value",
            "pos_x": -467.77777777777777,
            "pos_y": -223.39869281045753,
            "inputs": [],
            "outputs": [
                {
                    "id": 140442660701856,
                    "index": 0,
                    "position": 4,
                    "socket_type": 2,
                    "inout": 2,
                    "x": 121.0,
                    "y": 40.0,
                    "label": null
                }
            ],
            "content": {
                "id": 140554617640128,
                "content": "",
                "value": "25",
                "label": "x"
            },
            "op_code": 102,
            "op_title": "Value"
        },
        {
            "id": 140442661185088,
            "title": "Input value",
            "pos_x": -450.9803921568629,
            "pos_y": -116.40522875816991,
            "inputs": [],
            "outputs": [
                {
                    "id": 140442660781744,
                    "index": 0,
                    "position": 4,
                    "socket_type": 2,
                    "inout": 2,
                    "x": 121.0,
                    "y": 40.0,
                    "label": null
                }
            ],
            "content": {
                "id": 140554617641856,
                "content": "",
                "value": "8.8",
                "label": "x"
            },
            "op_code": 102,
            "op_title": "Value"
        }
    ],
    "edges": [
        {
            "id": 140225457270256,
            "edge_type": 2,
            "start": 140225457354016,